rmse,r2,model_weights,fold
0.609598812051249,0.7112065913260376,"{'rf': 0.07819785493582272, 'gb': 0.9218021450641772}",1
0.646456642756455,0.6706786165094367,"{'rf': 0.46581967539506586, 'gb': 0.5341803246049341}",2
0.6194021390086707,0.6534224378542867,"{'rf': 0.7645312809262764, 'gb': 0.23546871907372352}",3
0.4967310079001949,0.7032435576568867,"{'rf': 0.7894884708899664, 'gb': 0.21051152911003357}",4
0.4405100796759243,0.7432994605727667,"{'rf': 0.9857154603688759, 'gb': 0.01428453963112405}",5
