rmse,r2,model_weights,fold
0.609598812051249,0.7112065913260376,"{'rf': 0.07819785493582647, 'gb': 0.9218021450641736}",1
0.6464566427564549,0.6706786165094369,"{'rf': 0.46581967539506547, 'gb': 0.5341803246049346}",2
0.6194021390086708,0.6534224378542866,"{'rf': 0.7645312809262761, 'gb': 0.23546871907372394}",3
0.4967310079001949,0.7032435576568867,"{'rf': 0.7894884708899652, 'gb': 0.21051152911003476}",4
0.44051007967592437,0.7432994605727667,"{'rf': 0.9857154603688754, 'gb': 0.014284539631124655}",5
