rmse,r2,model_weights,fold
0.6095988120512491,0.7112065913260375,"{'rf': 0.07819785493582254, 'gb': 0.9218021450641775}",1
0.646456642756455,0.6706786165094367,"{'rf': 0.46581967539506597, 'gb': 0.534180324604934}",2
0.6194021390086708,0.6534224378542866,"{'rf': 0.7645312809262759, 'gb': 0.23546871907372413}",3
0.4967310079001949,0.7032435576568867,"{'rf': 0.7894884708899644, 'gb': 0.21051152911003554}",4
0.44051007967592437,0.7432994605727667,"{'rf': 0.9857154603688711, 'gb': 0.0142845396311288}",5
