rmse,r2,model_weights,fold
0.6095988120512491,0.7112065913260375,"{'rf': 0.07819785493582407, 'gb': 0.9218021450641759}",1
0.646456642756455,0.6706786165094367,"{'rf': 0.4658196753950668, 'gb': 0.5341803246049331}",2
0.6194021390086708,0.6534224378542866,"{'rf': 0.7645312809262763, 'gb': 0.23546871907372377}",3
0.4967310079001949,0.7032435576568867,"{'rf': 0.7894884708899649, 'gb': 0.21051152911003507}",4
0.4405100796759243,0.7432994605727667,"{'rf': 0.9857154603688766, 'gb': 0.014284539631123437}",5
