{"model_name":"gradient_boosting","model_type":"advanced","rmse":0.8675545902,"mae":0.5799061478,"r2":0.0493693008,"mape":144.098361421,"fold":5}