{"model_name":"gradient_boosting","model_type":"advanced","rmse":1.014420075,"mae":0.5880333155,"r2":0.2638485351,"mape":243.725702687,"fold":1}