{
  "model_name": "gradient_boosting",
  "model_type": "advanced",
  "rmse": 0.8586374928,
  "mae": 0.5054698331,
  "r2": 0.2928950904,
  "mape": 185.5912461004,
  "fold": 3
}