{"model_name":"gradient_boosting","rmse":0.7355056253,"mae":0.4524636894,"r2":0.3272507801,"mape":166.4453662829,"fold":4}