{"model_name":"gradient_boosting","rmse":0.9503221068,"mae":0.549839362,"r2":0.2630880871,"mape":181.4196033681,"fold":2}