{
  "model_name": "gradient_boosting",
  "model_type": "advanced",
  "rmse": 0.7914678037,
  "mae": 0.4727294945,
  "r2": 0.1407513537,
  "mape": 123.7275988064,
  "fold": 1
}