{"model_name":"gradient_boosting","model_type":"advanced","rmse":0.9514302503,"mae":0.5547353365,"r2":0.2613685012,"mape":182.4169725208,"fold":2}