{"model_name":"gradient_boosting","model_type":"advanced","rmse":0.7668098169,"mae":0.450078518,"r2":0.2931456845,"mape":165.5107917124,"fold":5}