{"model_name":"linear_sgd","model_type":"advanced","rmse":0.7754837865,"mae":0.4801412426,"r2":0.2770637036,"mape":152.594304117,"fold":5}