{
  "model_name": "linear_sgd",
  "model_type": "advanced",
  "rmse": 1.0383724252,
  "mae": 0.6144361748,
  "r2": 0.0826037505,
  "mape": 134.0906769382,
  "fold": 3
}