{
  "model_name": "linear_sgd",
  "model_type": "advanced",
  "rmse": 0.7751592384,
  "mae": 0.4783887414,
  "r2": 0.27766869,
  "mape": 157.3363491886,
  "fold": 5
}