{
  "model_name": "linear_sgd",
  "model_type": "advanced",
  "rmse": 0.7505830666,
  "mae": 0.4911542631,
  "r2": 0.2993861308,
  "mape": 180.016745747,
  "fold": 4
}