{"model_name":"linear_sgd","rmse":1.0185795868,"mae":0.6012711314,"r2":0.2577991507,"mape":214.8613330315,"fold":1}