{"model_name":"linear_sgd","rmse":0.8673460097,"mae":0.5259979352,"r2":0.278479083,"mape":187.3318486437,"fold":3}