{
  "model_name": "lstm",
  "model_type": "advanced",
  "rmse": 0.7845407861,
  "mae": 0.4367630379,
  "r2": 0.2225915376,
  "mape": 124.3824908744,
  "fold": 5
}