{"model_name":"lstm","model_type":"advanced","rmse":0.8259100726,"mae":0.5088423457,"r2":0.2135523479,"mape":231.4270124147,"fold":4}