{
  "model_name": "lstm",
  "model_type": "advanced",
  "rmse": 0.9937632258,
  "mae": 0.603797467,
  "r2": 0.1597345425,
  "mape": 196.2641001334,
  "fold": 3
}