{
  "model_name": "lstm",
  "model_type": "advanced",
  "rmse": 0.770655278,
  "mae": 0.4931522696,
  "r2": 0.2614132373,
  "mape": 189.1055579022,
  "fold": 4
}