{"model_name":"lstm","model_type":"advanced","rmse":1.0340393209,"mae":0.5721497049,"r2":0.1773733564,"mape":193.7269942266,"fold":2}