{"model_name":"lstm","model_type":"advanced","rmse":0.9824923977,"mae":0.5807711983,"r2":0.2123517538,"mape":185.0546154453,"fold":2}