{
  "model_name": "lstm",
  "model_type": "advanced",
  "rmse": 0.8221484738,
  "mae": 0.5248023303,
  "r2": 0.2206997695,
  "mape": 182.1911926962,
  "fold": 4
}