{"model_name":"lstm","model_type":"advanced","rmse":0.7939203085,"mae":0.5027596751,"r2":0.2422805975,"mape":184.4256302747,"fold":5}