{
  "model_name": "lstm",
  "model_type": "advanced",
  "rmse": 0.7670918718,
  "mae": 0.4829974081,
  "r2": 0.1928632665,
  "mape": 159.0577340734,
  "fold": 1
}