{"model_name":"lstm","model_type":"advanced","rmse":0.9975564677,"mae":0.5995896238,"r2":0.1533076329,"mape":201.0027548716,"fold":3}