{"model_name":"lstm","model_type":"advanced","rmse":1.0808699028,"mae":0.5480963445,"r2":0.1642462033,"mape":155.3284438769,"fold":1}