{"model_name":"lstm","model_type":"advanced","rmse":0.8845702548,"mae":0.5291563505,"r2":0.2495378056,"mape":186.278258174,"fold":3}