{
  "model_name": "random_forest",
  "model_type": "advanced",
  "rmse": 1.0932782465,
  "mae": 0.6009808333,
  "r2": 0.0804188134,
  "mape": 180.8753396614,
  "fold": 2
}