{"model_name":"random_forest","model_type":"advanced","rmse":0.8764440293,"mae":0.5717929331,"r2":0.1143692885,"mape":274.7514426471,"fold":4}