{"model_name":"random_forest","model_type":"advanced","rmse":0.853375333,"mae":0.497729875,"r2":0.3015355174,"mape":181.1783847347,"fold":3}