{
  "model_name": "random_forest",
  "model_type": "advanced",
  "rmse": 0.851172703,
  "mae": 0.4941241904,
  "r2": 0.3051364496,
  "mape": 184.1661782225,
  "fold": 3
}