{"model_name":"random_forest","model_type":"advanced","rmse":1.0366332976,"mae":0.6103128917,"r2":0.2312558575,"mape":285.0841432038,"fold":1}